[
    {
        "name": "Moto X3M",
        "url": "motox3m/index.html"
    },
    {
        "name": "Rom Loader",
        "url": "temptations/index.html"
    },
    {
        "name": "yohoho",
        "url": "yohoho/index.html"
    },
    {
        "name": "Burrito Bison",
        "url": "bb/index.html"
    },
    {
        "name": "Bloons TD 4",
        "url": "btd4.html"
    },
    {
        "name": "Minecraft",
        "url": "Offline_Download_Version.html"
    },
    {
        "name": "Retrobowl",
        "url": "retro-bowl/retro.html"
    },
    {
        "name": "Moto X3M Winter",
        "url": "wintermotox3m/index.html"
    },
    {
        "name": "Basketball Stars",
        "url": "basketball-stars/index.html"
    },
    {
        "name": "slope",
        "url": "slope/index.html"
    },
    {
        "name": "Geometry Dash",
        "url": "geo.html"
    },
    {
        "name": "Bloons TD 1",
        "url": "bloons1.html"
    },
    {
        "name": "Bloons TD 2",
        "url": "bloons.html"
    },
    {
        "name": "Quake",
        "url": "quake/index.html"
    },
    {
        "name": "Binding of Isaac",
        "url": "boi.html"
    },
    {
        "name": "Bitlife",
        "url": "nolife/index.html"
    },
    {
        "name": "Basket Random",
        "url": "basket-random/index.html"
    },
    {
        "name": "truck game thing",
        "url": "goofyahhdrivesim/index.html"
    },
    {
        "name": "rocket game thing",
        "url": "rocketgame/index.html"
    },
    {
        "name": "osu!",
        "url": "osu/index.html"
    },
    {
        "name": "Slither.io",
        "url": "slitherio/slitherio.html"
    },
    {
        "name": "Run 3",
        "url": "run3/Run 3.html"
    },
    {
        "name": "Monkey Mart",
        "url": "monkeymart/index.html"
    },
    {
        "name": "Stickman Hook",
        "url": "stickman/index.html"
    },
    {
        "name": "Cookie Clicker",
        "url": "cookieclicker/index.html"
    },
    {
        "name": "Age of Conflict",
        "url": "aoc/index.html"
    },
    {
        "name": "Sand Boxels",
        "url": "sand/index.html"
    },
    {
        "name": "Exo",
        "url": "exo/index.html"
    },
    {
        "name": "Station 141",
        "url": "station141/index.html"
    },
    {
        "name": "The Final Earth 2",
        "url": "finalearth/index.html"
    },
    {
        "name": "Tactical Assasin 2",
        "url": "ta2/index.html"
    },
    {
        "name": "Synesthesia",
        "url": "synesthesia/index.html"
    },
    {
        "name": "HexGL",
        "url": "HexGL/index.html"
    },
    {
        "name": "Veloce",
        "url": "veloce/index.html"
    },
    {
        "name": "Vex6",
        "url": "vex6/index.html"
    },
    {
        "name": "Tactical Weapon Pack 2",
        "url": "twp2/index.html"
    },
    {
        "name": "Cubefield",
        "url": "cubefield/index.html"
    },
    {
        "name": "Edge not Found ",
        "url": "edgenotfound/index.html"
    },
    {
        "name": "OvO",
        "url": "ovo/index.html"
    },
    {
        "name": "A Dark Room",
        "url": "adarkroom/index.html"
    },
    {
        "name": "Krunker",
        "url": "krunker/index.html"
    },
    {
        "name": "Learn to Fly 2",
        "url": "learntofly2/index.html"
    },
    {
        "name": "Rooftop Snipers",
        "url": "rooftopsnipers/index.html"
    },
    {
        "name": "Idle Breakout",
        "url": "idle-breakout/index.html"
    },
    {
        "name": "A Dance of Fire and Ice",
        "url": "adanceoffireandice/index.html"
    }
]
